Express1,lib/response.js
Express1,lib/router/index.js
Express2,lib/request.js
Express3,index.js
Express3,lib/application.js
Express3,lib/express.js
Express3,lib/middleware/init.js
Express3,lib/middleware/query.js
Express3,lib/request.js
Express3,lib/response.js
Express3,lib/router/index.js
Express3,lib/router/layer.js
Express3,lib/router/route.js
Express3,lib/utils.js
Express3,lib/view.js
Express4,lib/request.js
Express5,lib/middleware/query.js
Express5,lib/utils.js
Express6,lib/application.js
Express7,lib/response.js
Express8,lib/application.js
Express9,lib/application.js
Express10,lib/router/index.js
Express10,lib/router/layer.js
Express10,lib/router/route.js
Express11,lib/response.js
Express12,lib/router/layer.js
Express13,lib/router/index.js
Express14,lib/application.js
Express14,lib/router/layer.js
Express14,lib/view.js
Express15,examples/vhost/index.js
Express15,lib/response.js
Express16,lib/response.js
Express17,lib/view.js
Express18,lib/router/index.js
Express19,lib/router/layer.js
Express20,lib/response.js
Express21,lib/request.js
Express21,lib/router/index.js
Express22,lib/request.js
Express23,lib/application.js
Express24,lib/middleware/init.js
Express24,lib/router/index.js
Express25,lib/request.js
Express25,lib/response.js
Express26,lib/router/index.js
Shields1,lib/all-badge-examples.js
Shields1,lib/request-handler.js
Shields2,lib/badge-data.js
Shields2,lib/make-badge.js
Shields2,lib/supported-features.js
Shields2,server.js
Shields2,server.spec.js
Shields3,services/base.js
Bower1,lib/commands/install.js
Bower1,lib/core/Manager.js
Bower1,lib/core/PackageRepository.js
Bower1,lib/core/Project.js
Bower1,lib/core/resolvers/Resolver.js
Bower2,lib/core/Project.js
Hexo1,lib/plugins/console/generate.js
Hexo1,lib/plugins/processor/common.js
Hexo2,lib/box/file.js
Hexo2,lib/hexo/post.js
Hexo2,lib/plugins/helper/is.js
Hexo3,lib/models/post.js
Hexo3,lib/plugins/helper/is.js
Hexo4,lib/models/category.js
Hexo4,lib/models/post_asset.js
Hexo5,lib/plugins/helper/is.js
Hexo6,lib/models/post.js
Hexo6,lib/plugins/helper/url_for.js
Hexo7,lib/plugins/helper/toc.js
Hexo8,lib/plugins/helper/open_graph.js
Hexo9,assets/gitignore
Hexo9,lib/extend/tag.js
Hexo9,lib/hexo/default_config.js
Hexo9,lib/hexo/index.js
Hexo9,lib/hexo/post.js
Hexo9,lib/models/post.js
Hexo9,lib/plugins/console/generate.js
Hexo9,lib/plugins/filter/before_post_render/backtick_code_block.js
Hexo9,lib/plugins/helper/is.js
Hexo9,lib/plugins/helper/paginator.js
Hexo9,lib/plugins/renderer/swig.js
Hexo9,lib/plugins/tag/code.js
Hexo10,lib/box/index.js
Hexo10,lib/hexo/create_logger.js
Hexo10,lib/hexo/index.js
Hexo10,lib/hexo/post.js
Hexo10,lib/plugins/console/generate.js
Hexo10,lib/plugins/renderer/yaml.js
Hexo11,lib/hexo/index.js
Hexo11,lib/plugins/generator/post.js
Karma1,.eslintrc
Karma1,client/karma.js
Karma1,gruntfile.js
Karma1,lib/reporter.js
Karma2,lib/middleware/karma.js
Karma2,lib/middleware/proxy.js
Karma2,lib/web-server.js
Karma3,lib/reporter.js
Karma4,lib/reporter.js
Karma4,lib/server.js
Karma5,lib/reporters/progress.js
Karma6,lib/cli.js
Karma7,lib/runner.js
Karma8,client/karma.js
Karma8,lib/reporter.js
Karma9,Gruntfile.coffee
Karma9,lib/cli.js
Karma9,lib/watcher.js
Karma10,lib/launcher.js
Karma10,lib/watcher.js
Karma11,lib/preprocessor.js
Karma12,lib/middleware/common.js
Karma12,lib/middleware/karma.js
Karma12,lib/middleware/source-files.js
Karma12,lib/preprocessor.js
Karma13,lib/init.js
Karma13,lib/launchers/Base.js
Karma14,lib/index.js
Karma14,lib/server.js
Karma15,client/main.js
Karma15,lib/file-list.js
Karma15,lib/middleware/common.js
Karma15,lib/web-server.js
Karma16,lib/middleware/common.js
Karma17,lib/middleware/karma.js
Karma17,lib/web-server.js
Karma18,.babelrc
Karma18,lib/file-list.js
Karma19,lib/preprocessor.js
Karma20,lib/file-list.js
Karma21,lib/file-list.js
Hessian.js1,index.js
Hessian.js1,lib/v2/encoder.js
Hessian.js2,lib/v1/decoder.js
Hessian.js2,lib/v2/decoder.js
Hessian.js3,Makefile
Hessian.js3,index.js
Hessian.js3,lib/v1/encoder.js
Hessian.js4,lib/v1/encoder.js
Hessian.js5,lib/v2/encoder.js
Hessian.js6,lib/v1/decoder.js
Hessian.js6,lib/v2/decoder.js
Hessian.js7,lib/object.js
Hessian.js7,lib/v1/encoder.js
Hessian.js8,lib/utils.js
Eslint1,lib/rules/no-obj-calls.js
Eslint2,lib/rules/id-length.js
Eslint2,lib/rules/indent.js
Eslint3,lib/rules/indent.js
Eslint3,lib/rules/prefer-template.js
Eslint4,lib/rules/no-dupe-keys.js
Eslint4,lib/rules/sort-keys.js
Eslint5,lib/rules/indent.js
Eslint5,lib/rules/key-spacing.js
Eslint6,lib/rules/arrow-spacing.js
Eslint6,lib/rules/no-floating-decimal.js
Eslint7,lib/rules/comma-dangle.js
Eslint7,lib/rules/no-shadow.js
Eslint8,lib/rules/no-useless-escape.js
Eslint9,lib/config/config-validator.js
Eslint9,lib/eslint.js
Eslint9,lib/rules/max-len.js
Eslint9,lib/testers/rule-tester.js
Eslint10,lib/config.js
Eslint10,lib/config/config-file.js
Eslint10,lib/rules/indent.js
Eslint11,lib/rules/curly.js
Eslint11,lib/rules/space-infix-ops.js
Eslint12,lib/rules/indent.js
Eslint12,lib/rules/object-curly-newline.js
Eslint13,lib/rules/new-parens.js
Eslint13,lib/rules/no-multiple-empty-lines.js
Eslint14,lib/rules/max-statements-per-line.js
Eslint14,lib/rules/no-useless-rename.js
Eslint15,.eslintignore
Eslint15,lib/rules/indent.js
Eslint16,lib/rules/indent.js
Eslint16,lib/rules/no-regex-spaces.js
Eslint17,lib/config/config-validator.js
Eslint17,lib/linter.js
Eslint17,lib/rules/indent.js
Eslint18,lib/rules/func-name-matching.js
Eslint19,lib/cli-engine.js
Eslint19,lib/rules/no-invalid-this.js
Eslint20,lib/rules/func-name-matching.js
Eslint20,lib/rules/sort-vars.js
Eslint21,lib/rules/curly.js
Eslint21,lib/rules/semi.js
Eslint22,lib/config/config-validator.js
Eslint23,lib/rules/prefer-const.js
Eslint23,lib/util/glob-util.js
Eslint24,lib/ast-utils.js
Eslint24,lib/rules/arrow-body-style.js
Eslint24,lib/rules/arrow-spacing.js
Eslint24,lib/rules/consistent-return.js
Eslint24,lib/rules/curly.js
Eslint24,lib/rules/eqeqeq.js
Eslint24,lib/rules/func-call-spacing.js
Eslint24,lib/rules/generator-star-spacing.js
Eslint24,lib/rules/indent.js
Eslint24,lib/rules/key-spacing.js
Eslint24,lib/rules/keyword-spacing.js
Eslint24,lib/rules/max-statements-per-line.js
Eslint24,lib/rules/no-extra-bind.js
Eslint24,lib/rules/no-extra-boolean-cast.js
Eslint24,lib/rules/no-mixed-operators.js
Eslint24,lib/rules/no-return-assign.js
Eslint24,lib/rules/no-sequences.js
Eslint24,lib/rules/no-unexpected-multiline.js
Eslint24,lib/rules/no-unneeded-ternary.js
Eslint24,lib/rules/no-useless-computed-key.js
Eslint24,lib/rules/no-useless-concat.js
Eslint24,lib/rules/no-whitespace-before-property.js
Eslint24,lib/rules/object-curly-spacing.js
Eslint24,lib/rules/object-shorthand.js
Eslint24,lib/rules/operator-assignment.js
Eslint24,lib/rules/operator-linebreak.js
Eslint24,lib/rules/prefer-spread.js
Eslint24,lib/rules/prefer-template.js
Eslint24,lib/rules/space-before-function-paren.js
Eslint24,lib/rules/wrap-iife.js
Eslint24,lib/rules/yoda.js
Eslint24,lib/token-store.js
Eslint24,lib/token-store/backward-token-comment-cursor.js
Eslint24,lib/token-store/backward-token-cursor.js
Eslint24,lib/token-store/cursor.js
Eslint24,lib/token-store/cursors.js
Eslint24,lib/token-store/decorative-cursor.js
Eslint24,lib/token-store/filter-cursor.js
Eslint24,lib/token-store/forward-token-comment-cursor.js
Eslint24,lib/token-store/forward-token-cursor.js
Eslint24,lib/token-store/index.js
Eslint24,lib/token-store/limit-cursor.js
Eslint24,lib/token-store/padded-token-cursor.js
Eslint24,lib/token-store/skip-cursor.js
Eslint24,lib/token-store/utils.js
Eslint24,lib/util/source-code.js
Eslint25,lib/rules/brace-style.js
Eslint26,lib/rules/arrow-parens.js
Eslint27,lib/rules/no-useless-rename.js
Eslint27,lib/rules/prefer-const.js
Eslint28,lib/config.js
Eslint28,lib/rules/no-duplicate-case.js
Eslint29,lib/linter.js
Eslint30,lib/rules/no-multiple-empty-lines.js
Eslint31,lib/rules/id-match.js
Eslint31,lib/rules/valid-jsdoc.js
Eslint32,lib/rules/indent.js
Eslint33,lib/testers/rule-tester.js
Eslint34,lib/rules/no-sequences.js
Eslint34,lib/rules/space-after-keywords.js
Eslint35,lib/cli-engine.js
Eslint35,lib/rules/max-statements-per-line.js
Eslint36,lib/config/plugins.js
Eslint36,lib/rules/no-magic-numbers.js
Eslint36,messages/whitespace-found.txt
Eslint37,lib/rules/operator-linebreak.js
Eslint37,lib/testers/rule-tester.js
Eslint38,lib/rules/camelcase.js
Eslint39,lib/rules/key-spacing.js
Eslint40,Makefile.js
Eslint40,lib/rules/space-unary-ops.js
Eslint41,lib/rules/max-len.js
Eslint42,lib/ignored-paths.js
Eslint42,lib/rules/no-undef.js
Eslint43,lib/cli-engine.js
Eslint43,lib/cli.js
Eslint43,lib/code-path-analysis/code-path-analyzer.js
Eslint43,lib/code-path-analysis/code-path-state.js
Eslint43,lib/code-path-analysis/code-path.js
Eslint43,lib/code-path-analysis/debug-helpers.js
Eslint43,lib/code-path-analysis/fork-context.js
Eslint43,lib/config.js
Eslint43,lib/config/autoconfig.js
Eslint43,lib/config/config-file.js
Eslint43,lib/config/config-initializer.js
Eslint43,lib/config/config-ops.js
Eslint43,lib/config/environments.js
Eslint43,lib/config/plugins.js
Eslint43,lib/eslint.js
Eslint43,lib/formatters/checkstyle.js
Eslint43,lib/formatters/compact.js
Eslint43,lib/formatters/html.js
Eslint43,lib/formatters/jslint-xml.js
Eslint43,lib/formatters/junit.js
Eslint43,lib/formatters/stylish.js
Eslint43,lib/formatters/table.js
Eslint43,lib/formatters/tap.js
Eslint43,lib/formatters/unix.js
Eslint43,lib/formatters/visualstudio.js
Eslint43,lib/ignored-paths.js
Eslint43,lib/rules.js
Eslint43,lib/rules/eol-last.js
Eslint43,lib/rules/no-restricted-properties.js
Eslint43,lib/rules/no-unused-vars.js
Eslint43,lib/rules/prefer-arrow-callback.js
Eslint43,lib/rules/prefer-template.js
Eslint43,lib/testers/rule-tester.js
Eslint43,lib/timing.js
Eslint43,lib/util/glob-util.js
Eslint43,lib/util/module-resolver.js
Eslint43,lib/util/node-event-generator.js
Eslint43,lib/util/npm-util.js
Eslint43,lib/util/source-code-util.js
Eslint43,lib/util/xml-escape.js
Eslint44,lib/rules/prefer-const.js
Eslint45,lib/rules/func-call-spacing.js
Eslint45,lib/rules/init-declarations.js
Eslint45,lib/rules/max-len.js
Eslint45,lib/rules/max-params.js
Eslint45,lib/rules/max-statements.js
Eslint45,lib/rules/new-cap.js
Eslint45,lib/rules/newline-after-var.js
Eslint45,lib/rules/no-implicit-globals.js
Eslint45,lib/rules/no-inner-declarations.js
Eslint45,lib/rules/no-mixed-requires.js
Eslint45,lib/rules/no-redeclare.js
Eslint45,lib/rules/no-shadow.js
Eslint45,lib/rules/no-spaced-func.js
Eslint45,lib/rules/one-var-declaration-per-line.js
Eslint45,lib/rules/sort-keys.js
Eslint45,lib/rules/space-infix-ops.js
Eslint46,lib/rules/no-implicit-coercion.js
Eslint46,lib/rules/no-useless-computed-key.js
Eslint47,lib/rules/no-multiple-empty-lines.js
Eslint48,lib/rules/max-len.js
Eslint49,lib/rules/object-shorthand.js
Eslint49,lib/rules/quotes.js
Eslint50,lib/rules/arrow-body-style.js
Eslint50,lib/rules/arrow-parens.js
Eslint50,lib/rules/comma-dangle.js
Eslint50,lib/rules/comma-spacing.js
Eslint50,lib/rules/comma-style.js
Eslint50,lib/rules/curly.js
Eslint50,lib/rules/lines-around-directive.js
Eslint50,lib/rules/new-parens.js
Eslint50,lib/rules/no-cond-assign.js
Eslint50,lib/rules/no-extra-parens.js
Eslint50,lib/rules/no-extra-semi.js
Eslint50,lib/rules/no-sequences.js
Eslint50,lib/rules/object-curly-spacing.js
Eslint50,lib/rules/operator-assignment.js
Eslint50,lib/rules/semi-spacing.js
Eslint50,lib/rules/semi.js
Eslint50,lib/rules/space-in-parens.js
Eslint51,lib/rules/no-unsafe-finally.js
Eslint52,lib/rules/func-style.js
Eslint53,lib/rules/multiline-comment-style.js
Eslint54,Makefile.js
Eslint54,lib/ast-utils.js
Eslint54,lib/config/plugins.js
Eslint54,lib/eslint.js
Eslint54,lib/rules/block-scoped-var.js
Eslint54,lib/rules/func-names.js
Eslint54,lib/rules/global-require.js
Eslint54,lib/rules/no-alert.js
Eslint54,lib/rules/no-console.js
Eslint54,lib/rules/no-dupe-args.js
Eslint54,lib/rules/no-eval.js
Eslint54,lib/rules/no-loop-func.js
Eslint54,lib/rules/no-redeclare.js
Eslint54,lib/rules/no-undefined.js
Eslint54,lib/rules/no-unmodified-loop-condition.js
Eslint54,lib/rules/no-unused-vars.js
Eslint54,lib/rules/no-use-before-define.js
Eslint54,lib/rules/no-var.js
Eslint54,lib/rules/prefer-arrow-callback.js
Eslint54,lib/rules/prefer-const.js
Eslint54,lib/rules/prefer-rest-params.js
Eslint54,lib/rules/radix.js
Eslint55,lib/rules/consistent-return.js
Eslint56,lib/eslint.js
Eslint56,lib/rules/dot-notation.js
Eslint57,lib/rules/one-var.js
Eslint58,lib/linter.js
Eslint58,lib/rules/indent.js
Eslint59,lib/rules/consistent-this.js
Eslint60,lib/rules/indent.js
Eslint60,lib/rules/no-useless-computed-key.js
Eslint61,lib/rules/no-native-reassign.js
Eslint61,lib/rules/no-negated-in-lhs.js
Eslint61,lib/rules/no-unsafe-negation.js
Eslint61,lib/rules/operator-assignment.js
Eslint62,lib/linter.js
Eslint62,lib/rules/indent-legacy.js
Eslint63,lib/rules/indent.js
Eslint64,lib/rules/no-extra-parens.js
Eslint65,lib/rules/no-extra-parens.js
Eslint66,lib/rules/no-sequences.js
Eslint67,.gitignore
Eslint67,Makefile.js
Eslint67,lib/cli-engine.js
Eslint67,lib/cli.js
Eslint67,lib/options.js
Eslint67,lib/rules/quote-props.js
Eslint68,lib/rules/spaced-comment.js
Eslint69,lib/config/autoconfig.js
Eslint69,lib/config/config-file.js
Eslint69,lib/config/config-rule.js
Eslint69,lib/rules/comma-spacing.js
Eslint69,lib/rules/comma-style.js
Eslint69,lib/rules/indent.js
Eslint69,lib/rules/newline-before-return.js
Eslint69,lib/rules/no-inner-declarations.js
Eslint69,lib/rules/no-multi-spaces.js
Eslint69,lib/testers/rule-tester.js
Eslint70,lib/rules/padded-blocks.js
Eslint71,lib/rules/arrow-parens.js
Eslint71,lib/rules/semi-style.js
Eslint72,lib/rules/comma-dangle.js
Eslint72,lib/rules/no-implicit-coercion.js
Eslint73,lib/rules/indent.js
Eslint74,lib/config/config-initializer.js
Eslint74,lib/util/npm-util.js
Eslint75,lib/linter.js
Eslint75,lib/rules/prefer-arrow-callback.js
Eslint76,lib/rules/spaced-comment.js
Eslint77,lib/rules/no-extra-label.js
Eslint77,lib/rules/prefer-destructuring.js
Eslint78,lib/rules/indent.js
Eslint79,lib/rules/no-invalid-regexp.js
Eslint79,lib/rules/object-curly-newline.js
Eslint80,lib/eslint.js
Eslint81,lib/rules/quotes.js
Eslint82,lib/eslint.js
Eslint82,lib/rules/no-extra-parens.js
Eslint83,lib/internal-rules/internal-no-invalid-meta.js
Eslint83,lib/rules/no-invalid-regexp.js
Eslint83,lib/rules/no-restricted-properties.js
Eslint83,lib/rules/no-return-await.js
Eslint83,lib/rules/object-shorthand.js
Eslint83,lib/rules/operator-assignment.js
Eslint83,lib/rules/prefer-destructuring.js
Eslint83,lib/rules/yoda.js
Eslint84,lib/rules/no-dupe-args.js
Eslint84,lib/rules/space-before-keywords.js
Eslint85,lib/ast-utils.js
Eslint86,lib/rules/func-call-spacing.js
Eslint86,lib/rules/semi.js
Eslint87,lib/config/config-file.js
Eslint87,lib/rules/padded-blocks.js
Eslint88,lib/rules/no-unused-expressions.js
Eslint88,lib/rules/prefer-arrow-callback.js
Eslint89,lib/rules/keyword-spacing.js
Eslint89,lib/rules/valid-typeof.js
Eslint90,lib/eslint.js
Eslint91,lib/rules/indent.js
Eslint91,lib/rules/no-unused-vars.js
Eslint92,lib/rules/keyword-spacing.js
Eslint92,lib/testers/rule-tester.js
Eslint93,lib/rules/object-curly-newline.js
Eslint94,lib/rules/space-infix-ops.js
Eslint95,lib/formatters/codeframe.js
Eslint95,lib/formatters/stylish.js
Eslint95,lib/linter.js
Eslint96,lib/rules/comma-dangle.js
Eslint96,lib/rules/no-multiple-empty-lines.js
Eslint97,lib/rules/no-multiple-empty-lines.js
Eslint98,lib/rules/no-use-before-define.js
Eslint98,lib/rules/space-infix-ops.js
Eslint99,lib/testers/rule-tester.js
Eslint100,lib/rules/object-curly-spacing.js
Eslint100,lib/rules/strict.js
Eslint101,lib/rules/no-useless-escape.js
Eslint101,lib/rules/prefer-reflect.js
Eslint102,lib/config/plugins.js
Eslint103,lib/linter.js
Eslint103,lib/rules/indent.js
Eslint103,lib/testers/rule-tester.js
Eslint103,lib/util/source-code-fixer.js
Eslint103,tools/eslint-fuzzer.js
Eslint104,bin/eslint.js
Eslint105,lib/config/config-file.js
Eslint106,Makefile.js
Eslint106,lib/rules/quotes.js
Eslint107,lib/rules/no-dupe-class-members.js
Eslint107,lib/util/source-code.js
Eslint108,lib/rules/func-name-matching.js
Eslint108,lib/rules/yoda.js
Eslint109,lib/rules/no-extra-parens.js
Eslint109,lib/rules/object-curly-spacing.js
Eslint110,lib/ast-utils.js
Eslint110,lib/rules/no-inline-comments.js
Eslint110,lib/rules/no-warning-comments.js
Eslint111,lib/rules/eol-last.js
Eslint111,lib/rules/quote-props.js
Eslint112,lib/linter.js
Eslint112,lib/rules/dot-notation.js
Eslint113,lib/rules/no-unused-vars.js
Eslint114,lib/rules/brace-style.js
Eslint114,lib/rules/no-extra-boolean-cast.js
Eslint115,lib/rules/indent.js
Eslint116,lib/rules/no-loop-func.js
Eslint116,lib/util/source-code-fixer.js
Eslint117,lib/rules/quote-props.js
Eslint118,Makefile.js
Eslint118,lib/rules/space-in-parens.js
Eslint119,lib/rules/prefer-destructuring.js
Eslint120,lib/rules/valid-typeof.js
Eslint121,lib/rules/dot-notation.js
Eslint121,lib/rules/object-shorthand.js
Eslint122,lib/rules/id-length.js
Eslint123,lib/config/config-initializer.js
Eslint123,lib/rules/semi.js
Eslint124,Makefile.js
Eslint124,lib/rules/indent.js
Eslint125,lib/rules/space-before-blocks.js
Eslint126,lib/rules/array-callback-return.js
Eslint126,lib/rules/valid-typeof.js
Eslint127,lib/rules/indent.js
Eslint127,lib/rules/padding-line-between-statements.js
Eslint128,lib/rules/indent.js
Eslint129,lib/rules/indent.js
Eslint129,lib/rules/no-var.js
Eslint130,lib/rules/max-len.js
Eslint130,lib/rules/no-multiple-empty-lines.js
Eslint131,lib/rules/no-empty.js
Eslint132,lib/ast-utils.js
Eslint132,lib/rules/no-extra-parens.js
Eslint132,lib/rules/no-whitespace-before-property.js
Eslint133,lib/rules/unicode-bom.js
Eslint133,lib/token-store/index.js
Eslint133,lib/token-store/utils.js
Eslint134,lib/rules/no-useless-escape.js
Eslint135,lib/rules/complexity.js
Eslint136,lib/rules/max-statements-per-line.js
Eslint136,lib/rules/no-multiple-empty-lines.js
Eslint137,lib/rules/object-curly-spacing.js
Eslint138,lib/rules/indent.js
Eslint139,lib/ast-utils.js
Eslint139,lib/cli-engine.js
Eslint139,lib/config/config-file.js
Eslint139,lib/config/config-validator.js
Eslint139,lib/linter.js
Eslint139,lib/testers/rule-tester.js
Eslint140,lib/rules/indent.js
Eslint140,lib/rules/no-implicit-coercion.js
Eslint141,lib/ignored-paths.js
Eslint141,lib/util/npm-util.js
Eslint142,lib/rules/curly.js
Eslint142,lib/rules/no-cond-assign.js
Eslint143,lib/rules/getter-return.js
Eslint143,lib/rules/no-extra-parens.js
Eslint144,Makefile.js
Eslint144,lib/formatters/stylish.js
Eslint144,lib/rules/indent.js
Eslint145,conf/default-config-options.js
Eslint145,lib/cli-engine.js
Eslint145,lib/code-path-analysis/code-path-state.js
Eslint145,lib/config.js
Eslint145,lib/linter.js
Eslint146,lib/rules/key-spacing.js
Eslint146,lib/rules/no-empty-function.js
Eslint146,lib/rules/no-empty.js
Eslint147,lib/linter.js
Eslint148,Makefile.js
Eslint148,lib/rules/no-useless-escape.js
Eslint149,lib/ast-utils.js
Eslint149,lib/config/config-initializer.js
Eslint150,lib/rules/arrow-parens.js
Eslint150,lib/rules/no-unused-expressions.js
Eslint151,lib/ignored-paths.js
Eslint151,lib/rules/no-useless-rename.js
Eslint152,lib/rules/no-extra-parens.js
Eslint152,lib/rules/no-global-assign.js
Eslint153,lib/rules/max-len.js
Eslint154,lib/rules/lines-around-comment.js
Eslint154,lib/rules/no-extend-native.js
Eslint155,lib/rules/no-await-in-loop.js
Eslint155,lib/rules/prefer-const.js
Eslint156,lib/rules/no-spaced-func.js
Eslint157,lib/testers/rule-tester.js
Eslint158,lib/rules/indent.js
Eslint159,lib/code-path-analysis/code-path-analyzer.js
Eslint159,lib/code-path-analysis/debug-helpers.js
Eslint159,lib/ignored-paths.js
Eslint160,lib/rules/func-style.js
Eslint161,lib/rules/no-unexpected-multiline.js
Eslint161,lib/testers/rule-tester.js
Eslint162,lib/eslint.js
Eslint162,lib/rules/no-redeclare.js
Eslint162,lib/rules/no-wrap-func.js
Eslint163,lib/rules/no-return-await.js
Eslint163,lib/rules/no-useless-return.js
Eslint164,lib/rules/eqeqeq.js
Eslint164,lib/rules/lines-around-directive.js
Eslint165,lib/rules/no-useless-escape.js
Eslint165,lib/rules/no-useless-return.js
Eslint166,lib/rules/no-useless-computed-key.js
Eslint167,lib/ignored-paths.js
Eslint167,lib/rules/array-bracket-newline.js
Eslint167,lib/testers/rule-tester.js
Eslint167,lib/util/node-event-generator.js
Eslint168,lib/rules/camelcase.js
Eslint169,lib/ast-utils.js
Eslint169,lib/rules/keyword-spacing.js
Eslint169,lib/rules/no-whitespace-before-property.js
Eslint170,lib/rules/new-parens.js
Eslint171,lib/file-finder.js
Eslint171,lib/rules/object-curly-newline.js
Eslint172,lib/rules/no-unused-vars.js
Eslint173,lib/rules/no-cond-assign.js
Eslint173,lib/rules/no-invalid-this.js
Eslint174,lib/rules/prefer-arrow-callback.js
Eslint175,lib/rules/comma-style.js
Eslint175,lib/rules/dot-notation.js
Eslint176,lib/rules/indent.js
Eslint176,lib/rules/no-sync.js
Eslint177,lib/ignored-paths.js
Eslint177,lib/rules/no-multiple-empty-lines.js
Eslint178,lib/cli-engine.js
Eslint178,lib/rules/valid-jsdoc.js
Eslint179,conf/eslint-recommended.js
Eslint179,lib/rules/getter-return.js
Eslint179,lib/rules/no-debugger.js
Eslint180,lib/rules/indent.js
Eslint180,lib/rules/prefer-destructuring.js
Eslint181,lib/rules/object-curly-newline.js
Eslint182,lib/rules/multiline-comment-style.js
Eslint182,lib/rules/valid-jsdoc.js
Eslint183,lib/rules/indent.js
Eslint184,Makefile.js
Eslint184,lib/eslint.js
Eslint185,lib/linter.js
Eslint186,lib/rules/indent.js
Eslint187,lib/rules/no-undef.js
Eslint188,lib/rules/valid-jsdoc.js
Eslint189,lib/rules/no-unused-vars.js
Eslint190,lib/rules/init-declarations.js
Eslint191,lib/rules/generator-star-spacing.js
Eslint192,lib/rules/no-extra-parens.js
Eslint193,lib/rules/no-restricted-imports.js
Eslint193,lib/rules/prefer-destructuring.js
Eslint194,Makefile.js
Eslint194,lib/rules/no-cond-assign.js
Eslint195,lib/rules/accessor-pairs.js
Eslint195,lib/rules/dot-location.js
Eslint195,lib/rules/no-empty-character-class.js
Eslint195,lib/rules/yoda.js
Eslint196,lib/rules/indent.js
Eslint197,lib/formatters/junit.js
Eslint198,bin/eslint.js
Eslint199,lib/ignored-paths.js
Eslint200,lib/rules/lines-around-comment.js
Eslint201,.gitignore
Eslint201,Makefile.js
Eslint201,lib/config.js
Eslint202,lib/config/autoconfig.js
Eslint203,lib/cli-engine.js
Eslint204,lib/eslint.js
Eslint205,lib/rules/brace-style.js
Eslint206,lib/cli-engine.js
Eslint206,lib/linter.js
Eslint206,lib/rules/indent.js
Eslint207,lib/rules/object-curly-newline.js
Eslint208,lib/rules/indent.js
Eslint208,lib/rules/no-unexpected-multiline.js
Eslint209,lib/formatters/junit.js
Eslint210,lib/rules/object-curly-spacing.js
Eslint210,lib/rules/prefer-arrow-callback.js
Eslint211,lib/rules/indent.js
Eslint212,lib/rules/indent.js
Eslint212,lib/rules/prefer-destructuring.js
Eslint213,lib/rules/max-len.js
Eslint214,lib/rules/no-shadow.js
Eslint215,lib/rules/brace-style.js
Eslint215,lib/rules/max-statements.js
Eslint216,lib/config/config-file.js
Eslint216,lib/rules/indent.js
Eslint217,lib/rules/line-comment-position.js
Eslint218,lib/cli-engine.js
Eslint218,lib/eslint.js
Eslint219,lib/rules/space-before-keywords.js
Eslint220,lib/rules/array-bracket-spacing.js
Eslint220,lib/rules/prefer-reflect.js
Eslint221,lib/ast-utils.js
Eslint221,lib/rules/strict.js
Eslint222,lib/rules/brace-style.js
Eslint223,lib/rules/id-length.js
Eslint223,lib/rules/sort-vars.js
Eslint224,lib/rules/new-cap.js
Eslint224,lib/rules/operator-assignment.js
Eslint225,lib/config/config-validator.js
Eslint226,conf/environments.js
Eslint226,lib/rules/complexity.js
Eslint227,Makefile.js
Eslint227,lib/rules/no-fallthrough.js
Eslint228,Makefile.js
Eslint228,lib/cli-engine.js
Eslint228,lib/cli.js
Eslint229,Makefile.js
Eslint229,lib/rules/object-shorthand.js
Eslint230,lib/rules/sort-keys.js
Eslint231,lib/rules/no-multiple-empty-lines.js
Eslint232,lib/rules/indent.js
Eslint233,Makefile.js
Eslint233,lib/cli-engine.js
Eslint233,lib/code-path-analysis/code-path-state.js
Eslint233,lib/code-path-analysis/code-path.js
Eslint233,lib/code-path-analysis/debug-helpers.js
Eslint233,lib/code-path-analysis/fork-context.js
Eslint233,lib/config/config-initializer.js
Eslint233,lib/config/config-ops.js
Eslint233,lib/config/config-validator.js
Eslint233,lib/eslint.js
Eslint233,lib/formatters/checkstyle.js
Eslint233,lib/formatters/compact.js
Eslint233,lib/formatters/junit.js
Eslint233,lib/formatters/tap.js
Eslint233,lib/formatters/unix.js
Eslint233,lib/formatters/visualstudio.js
Eslint233,lib/ignored-paths.js
Eslint233,lib/rules/brace-style.js
Eslint233,lib/rules/callback-return.js
Eslint233,lib/rules/camelcase.js
Eslint233,lib/rules/computed-property-spacing.js
Eslint233,lib/rules/consistent-this.js
Eslint233,lib/rules/curly.js
Eslint233,lib/rules/eqeqeq.js
Eslint233,lib/rules/handle-callback-err.js
Eslint233,lib/rules/id-blacklist.js
Eslint233,lib/rules/id-match.js
Eslint233,lib/rules/key-spacing.js
Eslint233,lib/rules/keyword-spacing.js
Eslint233,lib/rules/linebreak-style.js
Eslint233,lib/rules/lines-around-comment.js
Eslint233,lib/rules/new-cap.js
Eslint233,lib/rules/no-catch-shadow.js
Eslint233,lib/rules/no-control-regex.js
Eslint233,lib/rules/no-dupe-class-members.js
Eslint233,lib/rules/no-extra-boolean-cast.js
Eslint233,lib/rules/no-implicit-coercion.js
Eslint233,lib/rules/no-label-var.js
Eslint233,lib/rules/no-mixed-operators.js
Eslint233,lib/rules/no-multi-spaces.js
Eslint233,lib/rules/no-restricted-modules.js
Eslint233,lib/rules/no-self-assign.js
Eslint233,lib/rules/no-unmodified-loop-condition.js
Eslint233,lib/rules/no-unsafe-finally.js
Eslint233,lib/rules/no-use-before-define.js
Eslint233,lib/rules/no-warning-comments.js
Eslint233,lib/rules/object-curly-newline.js
Eslint233,lib/rules/prefer-arrow-callback.js
Eslint233,lib/rules/prefer-const.js
Eslint233,lib/rules/space-infix-ops.js
Eslint233,lib/rules/space-unary-ops.js
Eslint233,lib/rules/vars-on-top.js
Eslint233,lib/rules/yoda.js
Eslint233,lib/testers/event-generator-tester.js
Eslint233,lib/testers/rule-tester.js
Eslint233,lib/timing.js
Eslint233,lib/util/glob-util.js
Eslint234,lib/ignored-paths.js
Eslint234,lib/rules/no-useless-rename.js
Eslint234,lib/util/glob-util.js
Eslint235,lib/rules/indent.js
Eslint235,lib/rules/key-spacing.js
Eslint236,lib/rules/indent.js
Eslint236,templates/blogpost.md.ejs
Eslint237,lib/ast-utils.js
Eslint237,lib/rules/brace-style.js
Eslint238,conf/cli-options.js
Eslint239,lib/rules/capitalized-comments.js
Eslint240,lib/rules/arrow-parens.js
Eslint241,lib/eslint.js
Eslint241,lib/rules/no-unused-vars.js
Eslint242,lib/rules/no-useless-return.js
Eslint243,lib/rules/unicode-bom.js
Eslint243,lib/testers/rule-tester.js
Eslint244,lib/formatters/codeframe.js
Eslint244,lib/rules/jsx-quotes.js
Eslint244,lib/rules/no-implied-eval.js
Eslint245,lib/ast-utils.js
Eslint245,lib/config/config-file.js
Eslint245,lib/eslint.js
Eslint245,lib/rules/arrow-body-style.js
Eslint245,lib/rules/curly.js
Eslint245,lib/rules/keyword-spacing.js
Eslint245,lib/rules/newline-after-var.js
Eslint245,lib/rules/no-empty-character-class.js
Eslint245,lib/rules/no-lonely-if.js
Eslint245,lib/rules/no-useless-escape.js
Eslint245,lib/rules/no-warning-comments.js
Eslint245,lib/rules/semi.js
Eslint245,lib/util/glob-util.js
Eslint246,lib/rules/object-shorthand.js
Eslint246,lib/rules/padded-blocks.js
Eslint247,Makefile.js
Eslint247,lib/rules/indent.js
Eslint248,lib/eslint.js
Eslint248,lib/tests/eslintTester.js
Eslint248,lib/util.js
Eslint249,lib/rules/getter-return.js
Eslint250,lib/cli.js
Eslint250,lib/options.js
Eslint250,lib/rules/object-shorthand.js
Eslint251,lib/config/config-initializer.js
Eslint251,lib/rules/newline-per-chained-call.js
Eslint251,lib/util/npm-util.js
Eslint252,lib/rules/func-call-spacing.js
Eslint252,lib/rules/no-extra-parens.js
Eslint253,lib/rules/no-useless-return.js
Eslint253,lib/rules/object-property-newline.js
Eslint254,lib/rules/prefer-const.js
Eslint255,lib/linter.js
Eslint256,lib/rules/no-implicit-coercion.js
Eslint257,lib/rules/func-names.js
Eslint257,lib/rules/spaced-comment.js
Eslint258,lib/rules/no-else-return.js
Eslint258,lib/rules/quotes.js
Eslint259,conf/eslint-recommended.js
Eslint259,lib/config/config-file.js
Eslint259,lib/rules/padding-line-between-statements.js
Eslint259,lib/testers/rule-tester.js
Eslint260,lib/rules/no-param-reassign.js
Eslint260,lib/rules/vars-on-top.js
Eslint261,lib/ast-utils.js
Eslint261,lib/rules/consistent-return.js
Eslint261,lib/rules/no-useless-constructor.js
Eslint262,lib/rules/indent.js
Eslint262,lib/rules/max-len.js
Eslint263,lib/rules/no-lone-blocks.js
Eslint263,lib/token-store/backward-token-comment-cursor.js
Eslint263,lib/token-store/backward-token-cursor.js
Eslint263,lib/token-store/cursor.js
Eslint263,lib/token-store/cursors.js
Eslint263,lib/token-store/decorative-cursor.js
Eslint263,lib/token-store/filter-cursor.js
Eslint263,lib/token-store/forward-token-comment-cursor.js
Eslint263,lib/token-store/forward-token-cursor.js
Eslint263,lib/token-store/index.js
Eslint263,lib/token-store/limit-cursor.js
Eslint263,lib/token-store/padded-token-cursor.js
Eslint263,lib/token-store/skip-cursor.js
Eslint263,lib/token-store/utils.js
Eslint264,lib/rules/no-extra-semi.js
Eslint265,lib/rules/no-else-return.js
Eslint266,lib/rules/id-length.js
Eslint266,lib/rules/no-unused-vars.js
Eslint267,lib/config/config-ops.js
Eslint268,lib/config/config-file.js
Eslint268,lib/config/config-validator.js
Eslint268,lib/testers/rule-tester.js
Eslint269,lib/util/source-code-fixer.js
Eslint270,lib/eslint.js
Eslint270,lib/rules/no-extra-bind.js
Eslint271,lib/rules/comma-style.js
Eslint272,lib/rules/brace-style.js
Eslint272,lib/rules/no-self-compare.js
Eslint273,lib/config/config-rule.js
Eslint273,lib/rules/no-extra-parens.js
Eslint274,lib/cli-engine.js
Eslint274,lib/config.js
Eslint274,messages/no-config-found.txt
Eslint275,lib/rules/no-var.js
Eslint276,Makefile.js
Eslint276,conf/environments.js
Eslint276,lib/config.js
Eslint276,lib/eslint.js
Eslint276,lib/rules/brace-style.js
Eslint277,lib/rules/camelcase.js
Eslint278,lib/cli.js
Eslint278,lib/rules/no-var.js
Eslint279,Makefile.js
Eslint279,conf/eslint-recommended.js
Eslint279,lib/config.js
Eslint279,lib/config/autoconfig.js
Eslint279,lib/config/config-file.js
Eslint279,lib/config/config-initializer.js
Eslint279,lib/eslint.js
Eslint279,lib/rules/quotes.js
Eslint280,lib/rules/no-lone-blocks.js
Eslint280,lib/testers/rule-tester.js
Eslint281,lib/config/config-ops.js
Eslint281,lib/util/source-code.js
Eslint282,lib/rules/space-unary-ops.js
Eslint283,lib/rules/max-statements-per-line.js
Eslint283,lib/rules/object-property-newline.js
Eslint284,lib/rules/no-param-reassign.js
Eslint285,lib/rules/indent.js
Eslint285,lib/rules/prefer-arrow-callback.js
Eslint286,lib/rules/indent.js
Eslint286,templates/blogpost.md.ejs
Eslint287,conf/eslint-recommended.js
Eslint287,lib/rules/object-shorthand.js
Eslint287,lib/rules/switch-colon-spacing.js
Eslint288,lib/rules/no-unused-vars.js
Eslint289,lib/rules/indent.js
Eslint290,lib/rules/space-in-parens.js
Eslint291,lib/ast-utils.js
Eslint291,lib/rules/no-loop-func.js
Eslint292,lib/rules/no-undef-init.js
Eslint293,lib/rules/indent.js
Eslint294,lib/ignored-paths.js
Eslint294,lib/testers/rule-tester.js
Eslint295,lib/rules/no-extra-parens.js
Eslint296,conf/eslint-all.js
Eslint296,lib/rules/camelcase.js
Eslint297,lib/ast-utils.js
Eslint297,lib/rules/no-useless-call.js
Eslint297,lib/rules/object-curly-newline.js
Eslint297,lib/rules/prefer-spread.js
Eslint298,lib/rules/indent.js
Eslint298,lib/rules/space-before-keywords.js
Eslint299,lib/rules/no-unused-vars.js
Eslint300,lib/rules/multiline-comment-style.js
Eslint301,lib/rules/indent.js
Eslint301,lib/rules/prefer-const.js
Eslint302,lib/rules/brace-style.js
Eslint302,lib/rules/curly.js
Eslint303,lib/rules/dot-notation.js
Eslint303,lib/rules/no-extra-parens.js
Eslint304,lib/formatters/unix.js
Eslint304,lib/rules/no-cond-assign.js
Eslint305,lib/rules/no-constant-condition.js
Eslint306,lib/rules/no-trailing-spaces.js
Eslint307,lib/rules/no-multi-spaces.js
Eslint308,lib/rules/newline-before-return.js
Eslint308,lib/rules/vars-on-top.js
Eslint309,lib/rules/newline-after-var.js
Eslint309,lib/rules/newline-per-chained-call.js
Eslint309,lib/rules/no-cond-assign.js
Eslint309,lib/rules/no-div-regex.js
Eslint309,lib/rules/no-duplicate-case.js
Eslint309,lib/rules/no-empty-character-class.js
Eslint309,lib/rules/no-empty-function.js
Eslint309,lib/rules/no-empty.js
Eslint309,lib/rules/no-extra-semi.js
Eslint309,lib/rules/no-implicit-coercion.js
Eslint309,lib/rules/no-inline-comments.js
Eslint309,lib/rules/no-irregular-whitespace.js
Eslint309,lib/rules/no-mixed-spaces-and-tabs.js
Eslint309,lib/rules/no-multi-spaces.js
Eslint309,lib/rules/no-multiple-empty-lines.js
Eslint309,lib/rules/no-regex-spaces.js
Eslint309,lib/rules/no-return-assign.js
Eslint309,lib/rules/no-sequences.js
Eslint309,lib/rules/no-unexpected-multiline.js
Eslint309,lib/rules/no-useless-call.js
Eslint309,lib/rules/object-shorthand.js
Eslint310,lib/cli.js
Eslint311,lib/rules/consistent-return.js
Eslint311,lib/rules/no-useless-escape.js
Eslint312,lib/ast-utils.js
Eslint312,lib/rules/no-extra-parens.js
Eslint312,lib/rules/no-var.js
Eslint313,lib/rules/indent.js
Eslint314,lib/rules/no-return-assign.js
Eslint315,lib/rules/no-await-in-loop.js
Eslint316,lib/rules/no-undefined.js
Eslint316,lib/rules/semi-spacing.js
Eslint317,lib/rules/no-multiple-empty-lines.js
Eslint317,lib/rules/space-unary-ops.js
Eslint318,lib/rules/no-multi-spaces.js
Eslint318,lib/rules/use-isnan.js
Eslint319,lib/rules/indent.js
Eslint320,lib/rules/no-extend-native.js
Eslint320,lib/rules/no-magic-numbers.js
Eslint321,lib/rules/nonblock-statement-body-position.js
Eslint321,lib/rules/operator-assignment.js
Eslint322,lib/rules/array-callback-return.js
Eslint322,lib/rules/prefer-arrow-callback.js
Eslint323,lib/rules/no-mixed-spaces-and-tabs.js
Eslint323,lib/rules/no-unused-vars.js
Eslint324,.eslintignore
Eslint324,lib/rules/no-redeclare.js
Eslint324,lib/rules/no-shadow.js
Eslint325,lib/linter.js
Eslint326,lib/rules/no-extra-label.js
Eslint327,lib/config.js
Eslint327,lib/options.js
Eslint327,lib/rules/no-extra-parens.js
Eslint328,lib/rules/lines-around-comment.js
Eslint328,lib/rules/spaced-comment.js
Eslint329,lib/rules/quotes.js
Eslint329,lib/rules/sort-imports.js
Eslint330,lib/rules/semi-spacing.js
Eslint330,lib/rules/space-before-function-paren.js
Eslint331,lib/config/config-file.js
Eslint331,lib/rules/no-multiple-empty-lines.js
Eslint332,lib/rules/no-use-before-define.js
Eslint332,lib/rules/operator-assignment.js
Node-redis1,lib/parsers/javascript.js
Node-redis2,index.js
Node-redis3,index.js
Node-redis4,index.js
Node-redis5,index.js
Node-redis6,lib/multi.js
Pencilblue1,include/localization.js
Pencilblue1,include/service/entities/plugins/plugin_validation_service.js
Pencilblue1,plugins/pencilblue/controllers/admin/plugins/manage_plugins.js
Pencilblue2,include/admin_navigation.js
Pencilblue2,include/service/entities/user_service.js
Pencilblue3,.gitignore
Pencilblue3,include/config.js
Pencilblue3,include/error/formatters/error_formatters.js
Pencilblue3,include/http/request_handler.js
Pencilblue3,plugins/pencilblue/controllers/admin/site_settings/configuration.js
Pencilblue3,public/localization/de-DE.js
Pencilblue3,public/localization/en-US.js
Pencilblue3,public/localization/es-ES.js
Pencilblue3,public/localization/fa-IR.js
Pencilblue3,public/localization/fr-FR.js
Pencilblue3,public/localization/nl-BE.js
Pencilblue3,public/localization/pl-PL.js
Pencilblue3,public/localization/pt-BR.js
Pencilblue3,public/localization/ro-RO.js
Pencilblue3,public/localization/ru-RU.js
Pencilblue3,public/localization/zh-CN.js
Pencilblue3,sample.config.js
Pencilblue4,include/service/entities/custom_object_service.js
Pencilblue4,include/validation/validation_service.js
Pencilblue5,include/service/entities/media_service.js
Pencilblue6,include/service/entities/content/article_service_v2.js
Pencilblue6,include/service/entities/content/content_object_service.js
Pencilblue6,include/service/entities/content/page_service.js
Pencilblue6,include/service/jobs/job_runner.js
Pencilblue6,include/validation/validation_service.js
Mongoose1,lib/document.js
Mongoose1,lib/model.js
Mongoose1,lib/schema.js
Mongoose2,lib/model.js
Mongoose2,lib/query.js
Mongoose3,lib/document.js
Mongoose4,docs/guide.jade
Mongoose4,docs/schematypes.jade
Mongoose4,lib/query.js
Mongoose4,lib/schema.js
Mongoose4,lib/schema/objectid.js
Mongoose5,docs/populate.jade
Mongoose5,lib/types/documentarray.js
Mongoose6,lib/schema/array.js
Mongoose7,lib/query.js
Mongoose8,Makefile
Mongoose8,lib/document.js
Mongoose9,lib/document.js
Mongoose10,lib/types/documentarray.js
Mongoose11,lib/query.js
Mongoose12,lib/document.js
Mongoose12,lib/utils.js
Mongoose13,lib/document.js
Mongoose13,lib/model.js
Mongoose14,index.jade
Mongoose14,lib/model.js
Mongoose15,lib/schema/array.js
Mongoose16,docs/guide.jade
Mongoose16,docs/migration.jade
Mongoose16,lib/model.js
Mongoose17,docs/guide.jade
Mongoose17,lib/query.js
Mongoose18,lib/model.js
Mongoose19,lib/model.js
Mongoose20,lib/document.js
Mongoose20,lib/query.js
Mongoose21,lib/document.js
Mongoose22,lib/model.js
Mongoose22,lib/query.js
Mongoose23,docs/schematypes.jade
Mongoose23,lib/model.js
Mongoose24,lib/model.js
Mongoose25,docs/2.8.x/docs/schema-options.html
Mongoose25,docs/3.0.x/docs/guide.jade
Mongoose25,docs/3.0.x/docs/populate.jade
Mongoose25,docs/3.1.x/docs/guide.jade
Mongoose25,docs/3.1.x/docs/middleware.jade
Mongoose25,docs/3.1.x/docs/populate.jade
Mongoose25,docs/3.1.x/docs/validation.jade
Mongoose25,docs/3.2.x/docs/guide.jade
Mongoose25,docs/3.2.x/docs/images/apps/urls
Mongoose25,docs/3.2.x/docs/middleware.jade
Mongoose25,docs/3.2.x/docs/populate.jade
Mongoose25,docs/3.2.x/docs/validation.jade
Mongoose25,docs/3.2.x/index.html
Mongoose25,docs/3.3.x/docs/guide.jade
Mongoose25,docs/3.3.x/docs/images/apps/urls
Mongoose25,docs/3.3.x/docs/middleware.jade
Mongoose25,docs/3.3.x/docs/populate.jade
Mongoose25,docs/3.3.x/docs/production.html
Mongoose25,docs/3.3.x/docs/validation.jade
Mongoose25,docs/3.4.x/docs/images/apps/urls
Mongoose25,docs/3.4.x/docs/production.html
Mongoose25,docs/3.5.x/docs/images/apps/urls
Mongoose25,docs/guide.jade
Mongoose25,docs/images/apps/urls
Mongoose25,docs/middleware.jade
Mongoose25,docs/populate.jade
Mongoose25,docs/validation.jade
Mongoose25,lib/document.js
Mongoose26,lib/schema/string.js
Mongoose26,lib/types/embedded.js
Mongoose27,lib/types/embedded.js
Mongoose28,lib/document.js
Mongoose28,lib/types/documentarray.js
